<?xml version="1.0" encoding="UTF-8"?>
<!-- 작성자: 김재겸 , 최성현 -->
<beans:beans 
	xmlns:beans="http://www.springframework.org/schema/beans"
	xmlns:mvc="http://www.springframework.org/schema/mvc"
	xmlns:xsi="http://www.w3.org/2001/XMLSchema-instance"
	xmlns:context="http://www.springframework.org/schema/context"
	xsi:schemaLocation="http://www.springframework.org/schema/mvc https://www.springframework.org/schema/mvc/spring-mvc.xsd
		http://www.springframework.org/schema/beans https://www.springframework.org/schema/beans/spring-beans.xsd
		http://www.springframework.org/schema/context https://www.springframework.org/schema/context/spring-context.xsd">
    
    <!-- 어노테이션 기반 MVC 설정 활성화 -->
    <mvc:annotation-driven />

    <!-- 정적 자원 매핑 (캐싱 추가) -->
    <mvc:resources mapping="/resources/**" location="/resources/" cache-period="31556926" />

    <!-- 기본 서블릿 핸들러 추가 (정적 자원 처리 개선) -->
    <mvc:default-servlet-handler />

    <!-- 뷰 리졸버 설정 -->
    <beans:bean class="org.springframework.web.servlet.view.InternalResourceViewResolver">
        <beans:property name="prefix" value="/WEB-INF/views/" />
        <beans:property name="suffix" value=".jsp" />
    </beans:bean>

    <!-- 컴포넌트 스캔 -->
    <context:component-scan base-package="com.ict" />

    <!-- 파일 업로드 설정 -->
    <beans:bean id="multipartResolver" class="org.springframework.web.multipart.commons.CommonsMultipartResolver">
        <beans:property name="maxUploadSize" value="524288000" /> <!-- 500MB -->
        <beans:property name="defaultEncoding" value="UTF-8" />
    </beans:bean>
    
    <!-- BCryptPasswordEncoder 빈 정의 (추가) -->
    <beans:bean id="passwordEncoder" class="org.springframework.security.crypto.bcrypt.BCryptPasswordEncoder"/>

    <!-- 인터셉터 -->
    <mvc:interceptors>
        <!-- 1. 로그인 체크가 필요한 페이지 경로 설정 -->
        <mvc:interceptor>
            <mvc:mapping path="/EmployeeRegistration"/>      <!-- 직원 등록(큰 글씨) -->
            <mvc:mapping path="/empDataRegister"/>        		<!-- 직원 등록 -->
            <mvc:mapping path="/employeesList"/>            <!-- 직원 리스트 조회 -->
            <mvc:mapping path="/employeesDetails"/>         <!-- 직원 상세 조회 -->
            
            <mvc:mapping path="/WorkScheduleAssignment"/>   <!-- 근무 방식 지정(큰 글씨) -->
            <mvc:mapping path="/workSchedule"/>             <!-- 근무 방식 선택 -->
            <mvc:mapping path="/workLocation"/>             <!-- 희망 근무지 선택 -->
            
            <mvc:mapping path="/HumanResourcesManagement"/> <!-- 인사 관리(큰 글씨) -->
            <mvc:mapping path="/hrTransfer"/>               <!-- 보직 이동 -->
            <mvc:mapping path="/hrRetirement"/>             <!-- 퇴직 관리 -->
            <mvc:mapping path="/hrManagement"/>             <!-- 인사 관리 -->
            
            <mvc:mapping path="/adminPay"/>       			 <!-- 급여 관리(큰 글씨) -->
            <mvc:mapping path="/admin_pay_list"/>            <!-- 급여 리스트 조회 -->
            <mvc:mapping path="/PayrollManagement"/>         <!-- 직급별 급여 리스트 -->
            
            <mvc:mapping path="/VacationManagement"/>		<!-- 휴가 관리(큰 글씨) -->
			<mvc:mapping path="/vacationList"/>				<!-- 휴가 리스트 조회 -->
			<mvc:mapping path="/vacationApproval"/>			<!-- 휴가 조정 및 신청 -->
			<mvc:mapping path="/vacationInquiry"/>	
            
            <mvc:mapping path="/userProfile"/>              <!-- 내 정보(마이페이지) -->
            <mvc:mapping path="/PermissionRequest"/>              <!-- 내 정보(마이페이지) -->
            
            <mvc:mapping path="/attendance"/>               <!-- 출퇴근기능 -->
            <mvc:mapping path="/electronicpayment"/>        <!-- 전자결제 -->
            <mvc:mapping path="/calendar"/>                 <!-- 캘린더 -->
            
            <beans:bean class="com.ict.project.common.LoginCheckInterceptor"/>
        </mvc:interceptor>
    </mvc:interceptors>
</beans:beans>