<?xml version="1.0" encoding="UTF-8" ?>
<!DOCTYPE mapper
    PUBLIC "-//mybatis.org//DTD Mapper 3.0//EN"
    "http://mybatis.org/dtd/mybatis-3-mapper.dtd">

<mapper namespace="com.ict.project.repository.AttendanceDAO">
    <resultMap id="AttendanceWithEmpName" type="com.ict.project.vo.personnel.AttendanceVO">
        <result property="emp_idx" column="emp_idx"/>
        <result property="work_date" column="work_date"/> <!-- String -->
        <result property="worktype" column="worktype"/>
        <result property="start_time" column="start_time"/> <!-- String -->
        <result property="end_time" column="end_time"/> <!-- String -->
        <result property="emp_name" column="emp_name"/>
    </resultMap>

    <insert id="insertAttendance" parameterType="com.ict.project.vo.personnel.AttendanceVO">
        INSERT INTO Worktype(emp_idx, work_date, worktype, start_time)
        VALUES(#{emp_idx}, #{work_date}, #{worktype}, #{start_time})
    </insert>

    <update id="updateAttendance" parameterType="com.ict.project.vo.personnel.AttendanceVO">
        UPDATE Worktype
        SET end_time = #{end_time}
        WHERE emp_idx = #{emp_idx}
        AND work_date = #{work_date}
        AND start_time = #{start_time}
    </update>

    <select id="findTodayAttendance" parameterType="string" resultMap="AttendanceWithEmpName">
        SELECT * FROM Worktype WHERE emp_idx = #{emp_idx} AND work_date = CURDATE()
    </select>

    <select id="getWeeklyAttendance" parameterType="string" resultMap="AttendanceWithEmpName">
        SELECT w.*, u.emp_name
        FROM Worktype w
        JOIN employee e ON w.emp_idx = e.emp_idx
        JOIN users u ON e.user_idx = u.user_idx
        WHERE w.emp_idx = #{emp_idx}
        AND w.work_date >= DATE_SUB(CURDATE(), INTERVAL 7 DAY)
    </select>

    <select id="getTodayAttendance" resultMap="AttendanceWithEmpName">
        SELECT w.*, u.emp_name
        FROM Worktype w
        JOIN employee e ON w.emp_idx = e.emp_idx
        JOIN users u ON e.user_idx = u.user_idx
        WHERE w.work_date = CURDATE()
    </select>
</mapper>